@id,type,lon,lat
3156233056,Free_standing,36.339762,32.280988
3156233057,Free_standing,36.339179,32.281174
3156233058,Free_standing,36.338402,32.281279
3156233059,Free_standing,36.338585,32.281335
3156233060,Free_standing,36.338290,32.281373
3156236561,Free_standing,36.339979,32.281515
3156236562,Free_standing,36.339294,32.281551
3156236563,Attached_to_WASH_centre,36.338838,32.281686
3156236564,Attached_to_WASH_centre,36.339367,32.281703
3156236565,Free_standing,36.338315,32.281821
3156236566,Free_standing,36.338949,32.281854
3156236567,Free_standing,36.340423,32.282234
3156236568,Free_standing,36.339523,32.282237
3156236569,Free_standing,36.337021,32.282354
3156236570,Free_standing,36.339045,32.282354
3156236571,Free_standing,36.337764,32.282388
3156236572,Free_standing,36.339475,32.282478
3156236573,Free_standing,36.340839,32.282547
3156236574,Attached_to_WASH_centre,36.336712,32.282556
3156236575,Free_standing,36.336286,32.282615
3156236576,Free_standing,36.338167,32.282636
3156236577,Attached_to_WASH_centre,36.340167,32.282720
3156236578,Free_standing,36.340089,32.282804
3156236579,Free_standing,36.337744,32.282860
3156236580,Free_standing,36.335609,32.282864
3156236581,Attached_to_WASH_centre,36.335287,32.282960
3156236582,Free_standing,36.335307,32.282969
3156236583,Free_standing,36.335321,32.282974
3156236584,Attached_to_WASH_centre,36.339721,32.282993
3156236585,Free_standing,36.337998,32.283000
3156236586,Free_standing,36.334636,32.283006
3156236587,Free_standing,36.337351,32.283111
3156236588,Attached_to_WASH_centre,36.338654,32.283116
3156236589,Free_standing,36.335044,32.283143
3156236590,Oxfam_water_storage,36.337884,32.283160
3156236591,Attached_to_WASH_centre,36.334527,32.283199
3156236592,Free_standing,36.334813,32.283295
3156236593,Free_standing,36.337782,32.283301
3156236594,Free_standing,36.333738,32.283331
3156236595,Attached_to_WASH_centre,36.336204,32.283340
3156236596,Free_standing,36.334664,32.283412
3156236597,Free_standing,36.340638,32.283469
3156236598,Attached_to_WASH_centre,36.337528,32.283517
3156236599,Free_standing,36.338254,32.283560
3156236600,Attached_to_WASH_centre,36.339097,32.283576
3156236601,Free_standing,36.337911,32.283609
3156236602,Free_standing,36.340205,32.283763
3156236603,Attached_to_WASH_centre,36.340067,32.283909
3156236604,Free_standing,36.335683,32.283918
3156236605,Free_standing,36.334626,32.283948
3156236606,Free_standing,36.335718,32.284090
3156236607,Attached_to_WASH_centre,36.339436,32.284095
3156236608,Attached_to_WASH_centre,36.332045,32.284098
3156236609,Free_standing,36.335487,32.284153
3156236610,Free_standing,36.339192,32.284198
3156236611,Oxfam_water_storage,36.338992,32.284234
3156236612,Free_standing,36.332819,32.284231
3156236613,Attached_to_WASH_centre,36.331486,32.284250
3156236614,Attached_to_WASH_centre,36.332019,32.284250
3156236615,Free_standing,36.336072,32.284297
3156236616,Attached_to_WASH_centre,36.331185,32.284317
3156236617,Free_standing,36.340650,32.284322
3156236618,Free_standing,36.334956,32.284345
3156236619,Free_standing,36.334796,32.284376
3156236620,Attached_to_WASH_centre,36.338284,32.284511
3156236621,Free_standing,36.335184,32.284641
3156236622,Attached_to_WASH_centre,36.338179,32.284647
3156236623,Free_standing,36.337341,32.284704
3156236624,Free_standing,36.340851,32.284747
3156236625,Attached_to_WASH_centre,36.329650,32.284762
3156236626,Free_standing,36.339628,32.284837
3156236627,Free_standing,36.328756,32.284891
3156236628,Free_standing,36.338623,32.284897
3156236629,Free_standing,36.335377,32.284918
3156236630,Free_standing,36.329283,32.284963
3156236631,Attached_to_WASH_centre,36.329382,32.285016
3156236632,Attached_to_WASH_centre,36.336101,32.285030
3156236633,Attached_to_WASH_centre,36.328882,32.285042
3156236634,Attached_to_WASH_centre,36.328589,32.285155
3156236635,Free_standing,36.328080,32.285173
3156236636,Free_standing,36.339093,32.285178
3156236637,Free_standing,36.338383,32.285195
3156236638,Free_standing,36.339794,32.285222
3156236639,Free_standing,36.335714,32.285266
3156236640,Attached_to_WASH_centre,36.339900,32.285316
3156236641,Free_standing,36.329723,32.285418
3156236642,Attached_to_WASH_centre,36.339831,32.285478
3156236643,Free_standing,36.326943,32.285489
3156236644,Attached_to_WASH_centre,36.330003,32.285603
3156236645,Free_standing,36.335179,32.285617
3156236646,Attached_to_WASH_centre,36.332909,32.285637
3156236647,Free_standing,36.327911,32.285639
3156236648,Free_standing,36.329194,32.285658
3156236649,Attached_to_WASH_centre,36.326561,32.285704
3156236650,Attached_to_WASH_centre,36.339943,32.285705
3156236651,Attached_to_WASH_centre,36.332661,32.285750
3156236652,Free_standing,36.326862,32.285760
3156236653,Free_standing,36.336138,32.285783
3156236654,Attached_to_WASH_centre,36.338090,32.285785
3156236655,Attached_to_WASH_centre,36.326370,32.285836
3156236656,Free_standing,36.328607,32.285836
3156236657,Free_standing,36.335568,32.285867
3156236658,Attached_to_WASH_centre,36.332220,32.285919
3156236659,Attached_to_WASH_centre,36.333072,32.285925
3156236660,Attached_to_WASH_centre,36.332784,32.285943
3156236761,Attached_to_WASH_centre,36.325889,32.285968
3156236762,Attached_to_WASH_centre,36.331907,32.286020
3156236763,Free_standing,36.335036,32.286037
3156236764,Attached_to_WASH_centre,36.325643,32.286041
3156236765,Attached_to_WASH_centre,36.332266,32.286061
3156236766,Free_standing,36.340582,32.286065
3156236767,Attached_to_WASH_centre,36.331956,32.286091
3156236768,Free_standing,36.335850,32.286166
3156236769,Free_standing,36.336263,32.286172
3156236770,Attached_to_WASH_centre,36.330163,32.286281
3156236771,Attached_to_WASH_centre,36.336490,32.286287
3156236772,Free_standing,36.341323,32.286289
3156236773,Attached_to_WASH_centre,36.323799,32.286300
3156236774,Free_standing,36.335783,32.286312
3156236775,Attached_to_WASH_centre,36.341278,32.286439
3156236776,Free_standing,36.336679,32.286455
3156236777,Attached_to_WASH_centre,36.329678,32.286483
3156236778,Free_standing,36.327125,32.286511
3156236779,Free_standing,36.341553,32.286516
3156236780,Attached_to_WASH_centre,36.335954,32.286551
3156236781,Attached_to_WASH_centre,36.323354,32.286594
3156236782,Free_standing,36.336847,32.286633
3156236783,Attached_to_WASH_centre,36.339424,32.286636
3156236784,Attached_to_WASH_centre,36.324140,32.286637
3156236785,Attached_to_WASH_centre,36.329427,32.286659
3156236786,Oxfam_water_storage,36.339081,32.286660
3156236787,Attached_to_WASH_centre,36.330525,32.286665
3156236788,Free_standing,36.331696,32.286680
3156236789,Attached_to_WASH_centre,36.330246,32.286768
3156236790,Free_standing,36.336141,32.286770
3156236791,Free_standing,36.338645,32.286809
3156236792,Attached_to_WASH_centre,36.338583,32.286879
3156236793,Free_standing,36.327237,32.286880
3156236794,Free_standing,36.328692,32.286887
3156236795,Attached_to_WASH_centre,36.323245,32.286894
3156236796,Free_standing,36.330451,32.286897
3156236797,Attached_to_WASH_centre,36.329751,32.286909
3156236798,Attached_to_WASH_centre,36.329413,32.286914
3156236799,Free_standing,36.321097,32.286918
3156236800,Free_standing,36.341222,32.286968
3156236801,Free_standing,36.327653,32.286975
3156236802,Free_standing,36.320724,32.287050
3156236803,Free_standing,36.335689,32.287093
3156236804,Free_standing,36.327078,32.287107
3156236805,Free_standing,36.326305,32.287138
3156236806,Free_standing,36.320631,32.287147
3156236807,Attached_to_WASH_centre,36.336469,32.287166
3156236808,Free_standing,36.333914,32.287178
3156236809,Free_standing,36.340758,32.287209
3156236810,Free_standing,36.333393,32.287211
3156236811,Attached_to_WASH_centre,36.341022,32.287237
3156236812,Attached_to_WASH_centre,36.327353,32.287298
3156236813,Free_standing,36.326638,32.287319
3156236814,Free_standing,36.319858,32.287328
3156236815,Free_standing,36.326778,32.287346
3156236816,Attached_to_WASH_centre,36.330316,32.287348
3156236817,Free_standing,36.326200,32.287387
3156236818,Free_standing,36.340608,32.287387
3156236819,Attached_to_WASH_centre,36.336992,32.287401
3156236820,Free_standing,36.337294,32.287401
3156236821,Attached_to_WASH_centre,36.327233,32.287429
3156236822,Free_standing,36.336376,32.287429
3156236823,Free_standing,36.332922,32.287434
3156236824,Attached_to_WASH_centre,36.321257,32.287451
3156236825,Free_standing,36.332548,32.287459
3156236826,Free_standing,36.322425,32.287466
3156236827,Free_standing,36.336927,32.287482
3156236828,Free_standing,36.340998,32.287484
3156236829,Free_standing,36.336120,32.287488
3156236830,Attached_to_WASH_centre,36.333731,32.287519
3156236831,Free_standing,36.319565,32.287539
3156236832,Free_standing,36.320705,32.287552
3156236833,Attached_to_WASH_centre,36.333595,32.287560
3156236834,Free_standing,36.321055,32.287563
3156236835,Free_standing,36.323206,32.287602
3156236836,Attached_to_WASH_centre,36.326471,32.287619
3156236837,Free_standing,36.325223,32.287626
3156236838,Attached_to_WASH_centre,36.327398,32.287643
3156236839,Attached_to_WASH_centre,36.340667,32.287651
3156236840,Attached_to_WASH_centre,36.326756,32.287668
3156236841,Free_standing,36.320522,32.287711
3156236842,Free_standing,36.334433,32.287719
3156236843,Attached_to_WASH_centre,36.320396,32.287738
3156236844,Attached_to_WASH_centre,36.333608,32.287739
3156236845,Free_standing,36.340101,32.287797
3156236846,Attached_to_WASH_centre,36.327262,32.287805
3156236847,Free_standing,36.340944,32.287827
3156236848,Attached_to_WASH_centre,36.333034,32.287838
3156236849,Attached_to_WASH_centre,36.338965,32.287849
3156236850,Free_standing,36.323861,32.287854
3156236851,Free_standing,36.339554,32.287858
3156236852,Attached_to_WASH_centre,36.324525,32.287858
3156236853,Free_standing,36.324558,32.287859
3156236854,Attached_to_WASH_centre,36.333488,32.287871
3156236855,Free_standing,36.320079,32.287891
3156236856,Free_standing,36.320773,32.287910
3156236857,Attached_to_WASH_centre,36.326633,32.287935
3156236858,Attached_to_WASH_centre,36.333186,32.287972
3156236859,Attached_to_WASH_centre,36.330569,32.288000
3156236860,Attached_to_WASH_centre,36.331093,32.288014
3156236961,Attached_to_WASH_centre,36.326606,32.288022
3156236962,Free_standing,36.328070,32.288055
3156236963,Attached_to_WASH_centre,36.332837,32.288074
3156236964,Free_standing,36.338740,32.288083
3156236965,Attached_to_WASH_centre,36.332997,32.288091
3156236966,Free_standing,36.323335,32.288100
3156236967,Free_standing,36.341451,32.288104
3156236968,Free_standing,36.337053,32.288136
3156236969,Free_standing,36.337647,32.288155
3156236970,Attached_to_WASH_centre,36.330958,32.288158
3156236971,Free_standing,36.321819,32.288158
3156236972,Free_standing,36.320954,32.288172
3156236973,Free_standing,36.331899,32.288188
3156236974,Free_standing,36.333774,32.288199
3156236975,Free_standing,36.331923,32.288209
3156236976,Attached_to_WASH_centre,36.337035,32.288210
3156236977,Attached_to_WASH_centre,36.318738,32.288267
3156236978,Free_standing,36.336714,32.288281
3156236979,Free_standing,36.318100,32.288321
3156236980,Free_standing,36.333276,32.288331
3156236981,Free_standing,36.327392,32.288348
3156236982,Attached_to_WASH_centre,36.324329,32.288374
3156236983,Attached_to_WASH_centre,36.325344,32.288389
3156236984,Attached_to_WASH_centre,36.336690,32.288394
3156236985,Attached_to_WASH_centre,36.318485,32.288403
3156236986,Attached_to_WASH_centre,36.324879,32.288409
3156236987,Free_standing,36.333495,32.288415
3156236988,Attached_to_WASH_centre,36.324033,32.288421
3156236989,Free_standing,36.327826,32.288448
3156236990,Free_standing,36.341347,32.288473
3156236991,Free_standing,36.336367,32.288482
3156236992,Free_standing,36.326414,32.288505
3156236993,Attached_to_WASH_centre,36.331333,32.288508
3156236994,Attached_to_WASH_centre,36.318030,32.288521
3156236995,Free_standing,36.322506,32.288527
3156236996,Free_standing,36.320477,32.288528
3156236997,Attached_to_WASH_centre,36.323923,32.288539
3156236998,Free_standing,36.323439,32.288548
3156236999,Attached_to_WASH_centre,36.341730,32.288554
3156237000,Free_standing,36.337760,32.288555
3156237001,Attached_to_WASH_centre,36.324775,32.288571
3156237002,Free_standing,36.337343,32.288580
3156237003,Free_standing,36.327036,32.288593
3156237004,Attached_to_WASH_centre,36.317805,32.288597
3156237005,Attached_to_WASH_centre,36.330254,32.288605
3156237006,Free_standing,36.335140,32.288671
3156237007,Attached_to_WASH_centre,36.341322,32.288711
3156237008,Free_standing,36.317364,32.288712
3156237009,Attached_to_WASH_centre,36.324479,32.288715
3156237010,Free_standing,36.334758,32.288785
3156237011,Free_standing,36.327892,32.288798
3156237012,Free_standing,36.339989,32.288816
3156237013,Attached_to_WASH_centre,36.321325,32.288821
3156237014,Free_standing,36.333036,32.288827
3156237015,Attached_to_WASH_centre,36.330613,32.288839
3156237016,Free_standing,36.333982,32.288869
3156237017,Free_standing,36.339729,32.288870
3156237018,Free_standing,36.327312,32.288871
3156237019,Attached_to_WASH_centre,36.340497,32.288887
3156237020,Attached_to_WASH_centre,36.330384,32.288927
3156237021,Attached_to_WASH_centre,36.328010,32.288972
3156237022,Free_standing,36.320622,32.288974
3156237023,Free_standing,36.327049,32.288982
3156237024,Attached_to_WASH_centre,36.328094,32.289007
3156237025,Free_standing,36.340692,32.289029
3156237026,Free_standing,36.333258,32.289050
3156237027,Free_standing,36.318735,32.289091
3156237028,Attached_to_WASH_centre,36.322071,32.289116
3156237029,Attached_to_WASH_centre,36.324598,32.289123
3156237030,Free_standing,36.333171,32.289132
3156237031,Free_standing,36.333699,32.289208
3156237032,Attached_to_WASH_centre,36.339761,32.289213
3156237033,Attached_to_WASH_centre,36.321875,32.289243
3156237034,Free_standing,36.317796,32.289269
3156237035,Free_standing,36.341729,32.289277
3156237036,Free_standing,36.339464,32.289319
3156237037,Free_standing,36.341530,32.289324
3156237038,Free_standing,36.335351,32.289350
3156237039,Attached_to_WASH_centre,36.322095,32.289368
3156237040,Free_standing,36.322873,32.289402
3156237041,Attached_to_WASH_centre,36.321242,32.289408
3156237042,Attached_to_WASH_centre,36.333627,32.289429
3156237043,Attached_to_WASH_centre,36.327693,32.289447
3156237044,Attached_to_WASH_centre,36.321725,32.289448
3156237045,Attached_to_WASH_centre,36.334545,32.289462
3156237046,Attached_to_WASH_centre,36.318582,32.289480
3156237047,Attached_to_WASH_centre,36.328333,32.289484
3156237048,Attached_to_WASH_centre,36.327921,32.289498
3156237049,Free_standing,36.322330,32.289505
3156237050,Free_standing,36.333729,32.289519
3156237051,Free_standing,36.317454,32.289533
3156237052,Free_standing,36.324037,32.289543
3156237053,Free_standing,36.324966,32.289579
3156237054,Attached_to_WASH_centre,36.331102,32.289589
3156237055,Attached_to_WASH_centre,36.342037,32.289633
3156237056,Free_standing,36.324689,32.289636
3156237057,Attached_to_WASH_centre,36.334128,32.289641
3156237058,Attached_to_WASH_centre,36.317456,32.289648
3156237059,Attached_to_WASH_centre,36.327492,32.289648
3156237060,Attached_to_WASH_centre,36.321328,32.289663
3156237161,Free_standing,36.334677,32.289666
3156237162,Free_standing,36.338597,32.289670
3156237163,Attached_to_WASH_centre,36.321107,32.289678
3156237164,Free_standing,36.317018,32.289694
3156237165,Free_standing,36.334159,32.289695
3156237166,Free_standing,36.322348,32.289713
3156237167,Free_standing,36.330051,32.289721
3156237168,Attached_to_WASH_centre,36.327703,32.289730
3156237169,Attached_to_WASH_centre,36.333276,32.289766
3156237170,Free_standing,36.323104,32.289780
3156237171,Attached_to_WASH_centre,36.317064,32.289788
3156237172,Attached_to_WASH_centre,36.327409,32.289798
3156237173,Free_standing,36.341462,32.289833
3156237174,Free_standing,36.316596,32.289841
3156237175,Attached_to_WASH_centre,36.341850,32.289851
3156237176,Free_standing,36.339970,32.289874
3156237177,Free_standing,36.328697,32.289906
3156237178,Attached_to_WASH_centre,36.319535,32.289919
3156237179,Attached_to_WASH_centre,36.340794,32.289954
3156237180,Free_standing,36.327891,32.289957
3156237181,Attached_to_WASH_centre,36.337335,32.289971
3156237182,Free_standing,36.339788,32.289984
3156237183,Free_standing,36.333417,32.290013
3156237184,Free_standing,36.341956,32.290028
3156237185,Free_standing,36.340163,32.290073
3156237186,Free_standing,36.321840,32.290080
3156237187,Attached_to_WASH_centre,36.319290,32.290107
3156237188,Free_standing,36.338560,32.290126
3156237189,Free_standing,36.337136,32.290129
3156237190,Attached_to_WASH_centre,36.331970,32.290136
3156237191,Free_standing,36.341814,32.290156
3156237192,Free_standing,36.342482,32.290159
3156237193,Attached_to_WASH_centre,36.319649,32.290176
3156237194,Attached_to_WASH_centre,36.325341,32.290182
3156237195,Attached_to_WASH_centre,36.318768,32.290212
3156237196,Attached_to_WASH_centre,36.326097,32.290220
3156237197,Free_standing,36.327000,32.290222
3156237198,Free_standing,36.317820,32.290223
3156237199,Attached_to_WASH_centre,36.326060,32.290224
3156237200,Free_standing,36.322206,32.290246
3156237201,Attached_to_WASH_centre,36.340147,32.290285
3156237202,Attached_to_WASH_centre,36.331779,32.290298
3156237203,Free_standing,36.339900,32.290303
3156237204,Free_standing,36.323217,32.290315
3156237205,Free_standing,36.340282,32.290345
3156237206,Attached_to_WASH_centre,36.325223,32.290364
3156237207,Attached_to_WASH_centre,36.325816,32.290390
3156237208,Free_standing,36.329394,32.290392
3156237209,Free_standing,36.315475,32.290419
3156237210,Attached_to_WASH_centre,36.330992,32.290449
3156237211,Attached_to_WASH_centre,36.318871,32.290428
3156237212,Free_standing,36.327464,32.290430
3156237213,Free_standing,36.326025,32.290444
3156237214,Free_standing,36.340794,32.290477
3156237215,Free_standing,36.337427,32.290489
3156237216,Attached_to_WASH_centre,36.318357,32.290503
3156237217,Free_standing,36.316972,32.290536
3156237218,Free_standing,36.337998,32.290536
3156237219,Attached_to_WASH_centre,36.342391,32.290542
3156237220,Free_standing,36.337497,32.290545
3156237221,Attached_to_WASH_centre,36.325286,32.290556
3156237222,Free_standing,36.337024,32.290586
3156237223,Attached_to_WASH_centre,36.342006,32.290601
3156237224,Free_standing,36.325462,32.290602
3156237225,Free_standing,36.321503,32.290610
3156237226,Free_standing,36.327364,32.290615
3156237227,Free_standing,36.315173,32.290624
3156237228,Free_standing,36.319388,32.290640
3156237229,Free_standing,36.326365,32.290664
3156237230,Free_standing,36.328365,32.290665
3156237231,Free_standing,36.337490,32.290666
3156237232,Free_standing,36.339043,32.290687
3156237233,Attached_to_WASH_centre,36.325197,32.290696
3156237234,Free_standing,36.325063,32.290706
3156237235,Free_standing,36.323652,32.290725
3156237236,Free_standing,36.337982,32.290759
3156237237,Free_standing,36.342096,32.290776
3156237238,Free_standing,36.323495,32.290778
3156237239,Attached_to_WASH_centre,36.339280,32.290794
3156237240,Free_standing,36.318329,32.290796
3156237241,Free_standing,36.335130,32.290844
3156237242,Free_standing,36.314978,32.290858
3156237243,Attached_to_WASH_centre,36.338772,32.290872
3156237244,Free_standing,36.335251,32.290874
3156237245,Free_standing,36.315660,32.290879
3156237246,Free_standing,36.340041,32.290916
3156237247,Free_standing,36.314825,32.290920
3156237248,Free_standing,36.321974,32.290923
3156237249,Free_standing,36.320022,32.290929
3156237250,Free_standing,36.315924,32.290981
3156237251,Free_standing,36.325237,32.290990
3156237252,Free_standing,36.340523,32.291016
3156237253,Attached_to_WASH_centre,36.322637,32.291018
3156237254,Free_standing,36.324762,32.291024
3156237255,Free_standing,36.334319,32.291046
3156237256,Free_standing,36.334628,32.291074
3156237257,Free_standing,36.319424,32.291078
3156237258,Free_standing,36.327176,32.291079
3156237259,Free_standing,36.325978,32.291094
3156237260,Attached_to_WASH_centre,36.337977,32.291096
3156237261,Attached_to_WASH_centre,36.322851,32.291111
3156237262,Free_standing,36.341040,32.291116
3156237263,Free_standing,36.326469,32.291138
3156237264,Attached_to_WASH_centre,36.328286,32.291150
3156237265,Free_standing,36.342337,32.291152
3156237266,Attached_to_WASH_centre,36.341362,32.291158
3156237267,Attached_to_WASH_centre,36.328986,32.291159
3156237268,Free_standing,36.322163,32.291164
3156237269,Attached_to_WASH_centre,36.322290,32.291189
3156237270,Free_standing,36.339042,32.291196
3156237271,Free_standing,36.340543,32.291203
3156237272,Attached_to_WASH_centre,36.322504,32.291229
3156237273,Free_standing,36.337801,32.291244
3156237274,Free_standing,36.326207,32.291271
3156237275,Free_standing,36.341589,32.291292
3156237276,Free_standing,36.318793,32.291299
3156237277,Attached_to_WASH_centre,36.322864,32.291301
3156237278,Attached_to_WASH_centre,36.328967,32.291327
3156237279,Free_standing,36.338553,32.291328
3156237280,Attached_to_WASH_centre,36.322645,32.291333
3156237281,Attached_to_WASH_centre,36.315606,32.291350
3156237282,Attached_to_WASH_centre,36.315671,32.291360
3156237283,Free_standing,36.342029,32.291361
3156237284,Attached_to_WASH_centre,36.340646,32.291367
3156237285,Free_standing,36.342762,32.291372
3156237286,Attached_to_WASH_centre,36.328083,32.291394
3156237287,Free_standing,36.337927,32.291424
3156237288,Free_standing,36.316280,32.291502
3156237289,Free_standing,36.317648,32.291502
3156237290,Free_standing,36.323666,32.291538
3156237291,Attached_to_WASH_centre,36.322268,32.291548
3156237292,Free_standing,36.318382,32.291571
3156237293,Free_standing,36.338294,32.291574
3156237294,Free_standing,36.315936,32.291580
3156237295,Attached_to_WASH_centre,36.322037,32.291597
3156237296,Oxfam_water_storage,36.340218,32.291629
3156237297,Attached_to_WASH_centre,36.325927,32.291630
3156237298,Free_standing,36.341474,32.291636
3156237299,Free_standing,36.322568,32.291649
3156237300,Free_standing,36.318642,32.291653
3156237301,Free_standing,36.318820,32.291692
3156237302,Free_standing,36.315846,32.291692
3156237303,Free_standing,36.339283,32.291695
3156237304,Free_standing,36.326638,32.291720
3156237305,Free_standing,36.342823,32.291721
3156237306,Attached_to_WASH_centre,36.341413,32.291726
3156237307,Free_standing,36.314660,32.291727
3156237308,Free_standing,36.340976,32.291736
3156237309,Free_standing,36.325685,32.291751
3156237310,Attached_to_WASH_centre,36.315032,32.291760
3156237311,Free_standing,36.325364,32.291801
3156237312,Attached_to_WASH_centre,36.342621,32.291803
3156237313,Free_standing,36.325920,32.291814
3156237314,Attached_to_WASH_centre,36.339188,32.291814
3156237315,Attached_to_WASH_centre,36.324023,32.291814
3156237316,Attached_to_WASH_centre,36.343088,32.291827
3156237317,Attached_to_WASH_centre,36.314756,32.291883
3156237318,Free_standing,36.322870,32.291886
3156237319,Attached_to_WASH_centre,36.320379,32.291887
3156237320,Free_standing,36.339026,32.291889
3156237321,Free_standing,36.339471,32.291932
3156237322,Attached_to_WASH_centre,36.324084,32.291939
3156237323,Free_standing,36.323173,32.291956
3156237324,Attached_to_WASH_centre,36.319932,32.292014
3156237325,Free_standing,36.341641,32.292034
3156237326,Free_standing,36.316528,32.292045
3156237327,Free_standing,36.316245,32.292052
3156237328,Attached_to_WASH_centre,36.326664,32.292081
3156237329,Free_standing,36.338851,32.292089
3156237330,Attached_to_WASH_centre,36.326373,32.292100
3156237331,Free_standing,36.326885,32.292110
3156237332,Free_standing,36.319586,32.292143
3156237333,Attached_to_WASH_centre,36.319586,32.292143
3156237334,Attached_to_WASH_centre,36.320670,32.292146
3156237335,Free_standing,36.342827,32.292159
3156237336,Attached_to_WASH_centre,36.320053,32.292198
3156237337,Free_standing,36.314560,32.292200
3156237338,Attached_to_WASH_centre,36.338589,32.292213
3156237339,Attached_to_WASH_centre,36.341704,32.292236
3156237340,Attached_to_WASH_centre,36.325960,32.292242
3156237341,Free_standing,36.338141,32.292246
3156237342,Free_standing,36.315968,32.292264
3156237343,Attached_to_WASH_centre,36.319142,32.292281
3156237344,Attached_to_WASH_centre,36.319723,32.292322
3156237345,Free_standing,36.325938,32.292336
3156237346,Attached_to_WASH_centre,36.319495,32.292343
3156237347,Free_standing,36.341629,32.292374
3156237348,Free_standing,36.323714,32.292395
3156237349,Free_standing,36.343040,32.292409
3156237350,Free_standing,36.337737,32.292414
3156237351,Free_standing,36.341107,32.292416
3156237352,Free_standing,36.326706,32.292425
3156237353,Free_standing,36.337934,32.292461
3156237354,Free_standing,36.314750,32.292463
3156237355,Free_standing,36.325995,32.292489
3156237356,Free_standing,36.322908,32.292494
3156237357,Free_standing,36.316440,32.292518
3156237358,Attached_to_WASH_centre,36.316560,32.292523
3156237359,Free_standing,36.320575,32.292543
3156237360,Free_standing,36.317069,32.292546
3156237361,Free_standing,36.340941,32.292593
3156237362,Free_standing,36.320435,32.292596
3156237363,Free_standing,36.314003,32.292606
3156237364,Free_standing,36.337764,32.292621
3156237365,Free_standing,36.320649,32.292630
3156237366,Free_standing,36.323380,32.292636
3156237367,Free_standing,36.342325,32.292686
3156237368,Free_standing,36.317901,32.292724
3156237369,Attached_to_WASH_centre,36.316398,32.292731
3156237370,Attached_to_WASH_centre,36.323653,32.292737
3156237371,Free_standing,36.324069,32.292747
3156237372,Attached_to_WASH_centre,36.313980,32.292809
3156237373,Free_standing,36.314945,32.292815
3156237374,Free_standing,36.342990,32.292826
3156237375,Attached_to_WASH_centre,36.323125,32.292830
3156237376,Free_standing,36.341689,32.292831
3156237377,Free_standing,36.313673,32.292863
3156237378,Attached_to_WASH_centre,36.313977,32.292880
3156237379,Free_standing,36.319235,32.292891
3156237380,Free_standing,36.338256,32.292897
3156237381,Attached_to_WASH_centre,36.343554,32.292902
3156237382,Attached_to_WASH_centre,36.343233,32.292911
3156237383,Free_standing,36.320500,32.292917
3156237384,Free_standing,36.340021,32.292972
3156237385,Free_standing,36.341378,32.292996
3156237386,Attached_to_WASH_centre,36.339742,32.293004
3156237387,Free_standing,36.339205,32.293029
3156237388,Attached_to_WASH_centre,36.323429,32.293069
3156237389,Free_standing,36.316959,32.293150
3156237390,Free_standing,36.340993,32.293175
3156237391,Free_standing,36.316289,32.293229
3156237392,Free_standing,36.339018,32.293230
3156237393,Free_standing,36.342580,32.293231
3156237394,Free_standing,36.318835,32.293263
3156237395,Attached_to_WASH_centre,36.338961,32.293274
3156237396,Free_standing,36.323145,32.293277
3156237397,Attached_to_WASH_centre,36.342496,32.293278
3156237398,Attached_to_WASH_centre,36.322989,32.293328
3156237399,Free_standing,36.315183,32.293379
3156237400,Free_standing,36.342042,32.293396
3156237401,Free_standing,36.322647,32.293397
3156237402,Free_standing,36.317273,32.293439
3156237403,Free_standing,36.338141,32.293440
3156237404,Attached_to_WASH_centre,36.318874,32.293450
3156237405,Free_standing,36.314305,32.293455
3156237406,Free_standing,36.315517,32.293466
3156237407,Free_standing,36.321910,32.293489
3156237408,Free_standing,36.318750,32.293498
3156237409,Attached_to_WASH_centre,36.318750,32.293498
3156237410,Free_standing,36.312931,32.293534
3156237411,Free_standing,36.319321,32.293534
3156237412,Free_standing,36.343212,32.293568
3156237413,Free_standing,36.315391,32.293570
3156237414,Attached_to_WASH_centre,36.341644,32.293576
3156237415,Free_standing,36.318687,32.293589
3156237416,Free_standing,36.339649,32.293611
3156237417,Free_standing,36.340231,32.293613
3156237418,Free_standing,36.315625,32.293729
3156237419,Attached_to_WASH_centre,36.320817,32.293752
3156237420,Free_standing,36.342643,32.293758
3156237421,Free_standing,36.321436,32.293762
3156237422,Free_standing,36.317562,32.293785
3156237423,Attached_to_WASH_centre,36.320763,32.293832
3156237424,Attached_to_WASH_centre,36.319434,32.293863
3156237425,Free_standing,36.340525,32.293866
3156237426,Free_standing,36.342098,32.293907
3156237427,Free_standing,36.322456,32.293943
3156237428,Free_standing,36.338723,32.293946
3156237429,Attached_to_WASH_centre,36.314875,32.293986
3156237430,Free_standing,36.320540,32.293991
3156237431,Free_standing,36.314015,32.294025
3156237432,Attached_to_WASH_centre,36.314432,32.294026
3156237433,Free_standing,36.316201,32.294060
3156237434,Free_standing,36.314933,32.294073
3156237435,Free_standing,36.339621,32.294087
3156237436,Free_standing,36.313164,32.294093
3156237437,Free_standing,36.341296,32.294111
3156237438,Free_standing,36.343628,32.294140
3156237439,Free_standing,36.339653,32.294142
3156237440,Attached_to_WASH_centre,36.320117,32.294150
3156237441,Attached_to_WASH_centre,36.340387,32.294170
3156237442,Free_standing,36.319331,32.294175
3156237443,Free_standing,36.341775,32.294211
3156237444,Free_standing,36.320096,32.294220
3156237445,Free_standing,36.316262,32.294244
3156237446,Free_standing,36.342700,32.294260
3156237447,Free_standing,36.313492,32.294279
3156237448,Free_standing,36.317307,32.294281
3156237449,Free_standing,36.338787,32.294297
3156237450,Attached_to_WASH_centre,36.342457,32.294313
3156237451,Free_standing,36.340992,32.294318
3156237452,Free_standing,36.321428,32.294327
3156237453,Oxfam_water_storage,36.334351,32.294335
3156237454,Attached_to_WASH_centre,36.339410,32.294402
3156237455,Free_standing,36.340429,32.294435
3156237456,Free_standing,36.313914,32.294440
3156237457,Free_standing,36.341502,32.294467
3156237458,Free_standing,36.315576,32.294475
3156237459,Free_standing,36.313587,32.294475
3156237460,Free_standing,36.319252,32.294487
3156237461,Free_standing,36.330011,32.294496
3156237462,Free_standing,36.329343,32.294515
3156237463,Free_standing,36.315081,32.294544
3156237464,Free_standing,36.324777,32.294548
3156237465,Free_standing,36.340232,32.294555
3156237466,Free_standing,36.342008,32.294571
3156237467,Free_standing,36.338890,32.294643
3156237468,Attached_to_WASH_centre,36.316426,32.294646
3156237469,Attached_to_WASH_centre,36.316602,32.294669
3156237470,Free_standing,36.341858,32.294679
3156237471,Free_standing,36.339731,32.294749
3156237472,Attached_to_WASH_centre,36.330472,32.294765
3156237473,Free_standing,36.315535,32.294778
3156237474,Free_standing,36.315941,32.294791
3156237475,Free_standing,36.328281,32.294813
3156237476,Free_standing,36.313451,32.294815
3156237477,Free_standing,36.324214,32.294845
3156237478,Free_standing,36.323833,32.294860
3156237479,Free_standing,36.338685,32.294867
3156237480,Free_standing,36.325495,32.294898
3156237481,Free_standing,36.342730,32.294926
3156237482,Free_standing,36.325857,32.294934
3156237483,Free_standing,36.339347,32.294947
3156237484,Free_standing,36.323830,32.295010
3156237485,Attached_to_WASH_centre,36.329765,32.295015
3156237486,Free_standing,36.331157,32.295023
3156237487,Free_standing,36.342071,32.295024
3156237488,Attached_to_WASH_centre,36.340520,32.295091
3156237489,Free_standing,36.327840,32.295123
3156237490,Free_standing,36.327654,32.295140
3156237491,Free_standing,36.313142,32.295204
3156237492,Free_standing,36.340157,32.295216
3156237493,Free_standing,36.325841,32.295220
3156237494,Free_standing,36.313796,32.295221
3156237495,Attached_to_WASH_centre,36.323168,32.295278
3156237496,Free_standing,36.330093,32.295281
3156237497,Free_standing,36.316713,32.295282
3156237498,Free_standing,36.340358,32.295285
3156237499,Free_standing,36.315680,32.295311
3156237500,Attached_to_WASH_centre,36.324886,32.295341
3156237501,Free_standing,36.312594,32.295366
3156237502,Free_standing,36.324723,32.295387
3156237503,Free_standing,36.314692,32.295396
3156237504,Attached_to_WASH_centre,36.324370,32.295431
3156237505,Free_standing,36.338999,32.295442
3156237506,Attached_to_WASH_centre,36.339882,32.295452
3156237507,Free_standing,36.312057,32.295455
3156237508,Free_standing,36.324152,32.295479
3156237509,Free_standing,36.339365,32.295481
3156237510,Free_standing,36.340990,32.295499
3156237511,Free_standing,36.323890,32.295512
3156237512,Free_standing,36.312055,32.295525
3156237513,Attached_to_WASH_centre,36.328299,32.295607
3156237514,Free_standing,36.329591,32.295616
3156237515,Free_standing,36.323813,32.295628
3156237516,Free_standing,36.339257,32.295647
3156237517,Attached_to_WASH_centre,36.331133,32.295653
3156237518,Free_standing,36.330254,32.295659
3156237519,Attached_to_WASH_centre,36.322116,32.295669
3156237520,Free_standing,36.327974,32.295703
3156237521,Attached_to_WASH_centre,36.327679,32.295713
3156237522,Free_standing,36.326485,32.295779
3156237523,Free_standing,36.324499,32.295815
3156237524,Attached_to_WASH_centre,36.322874,32.295827
3156237525,Free_standing,36.329185,32.295838
3156237526,Free_standing,36.328275,32.295857
3156237527,Free_standing,36.339602,32.295879
3156237528,Attached_to_WASH_centre,36.312970,32.295941
3156237529,Attached_to_WASH_centre,36.321099,32.295957
3156237530,Free_standing,36.340534,32.295965
3156237531,Free_standing,36.312232,32.295992
3156237532,Free_standing,36.314296,32.295997
3156237533,Free_standing,36.325053,32.295998
3156237534,Free_standing,36.325937,32.296058
3156237535,Free_standing,36.324669,32.295664
3156237536,Free_standing,36.331021,32.296064
3156237537,Free_standing,36.339981,32.296089
3156237538,Free_standing,36.325704,32.296098
3156237539,Attached_to_WASH_centre,36.330259,32.296109
3156237540,Free_standing,36.322800,32.296123
3156237541,Attached_to_WASH_centre,36.321951,32.296147
3156237542,Attached_to_WASH_centre,36.312920,32.296188
3156237543,Attached_to_WASH_centre,36.323570,32.296200
3156237544,Free_standing,36.327995,32.296200
3156237545,Free_standing,36.328816,32.296212
3156237546,Free_standing,36.314141,32.296276
3156237547,Free_standing,36.327481,32.296292
3156237548,Free_standing,36.339325,32.296328
3156237549,Attached_to_WASH_centre,36.325603,32.296336
3156237550,Attached_to_WASH_centre,36.320768,32.296424
3156237551,Free_standing,36.325841,32.296431
3156237552,Attached_to_WASH_centre,36.325142,32.296437
3156237553,Attached_to_WASH_centre,36.322681,32.296462
3156237554,Free_standing,36.328477,32.296473
3156237555,Free_standing,36.330675,32.296501
3156237556,Free_standing,36.331176,32.296538
3156237557,Attached_to_WASH_centre,36.331394,32.296581
3156237558,Free_standing,36.316422,32.296610
3156237559,Free_standing,36.330251,32.296626
3156237560,Free_standing,36.317302,32.296628
3156237561,Free_standing,36.326016,32.296656
3156237562,Free_standing,36.324474,32.296663
3156237563,Free_standing,36.327601,32.296668
3156237564,Attached_to_WASH_centre,36.328561,32.296688
3156237565,Free_standing,36.324988,32.296689
3156237566,Free_standing,36.330355,32.296705
3156237567,Free_standing,36.315883,32.296707
3156237568,Free_standing,36.318666,32.296726
3156237569,Attached_to_WASH_centre,36.323185,32.296778
3156237570,Free_standing,36.314499,32.296851
3156237571,Free_standing,36.325493,32.296894
3156237572,Attached_to_WASH_centre,36.331177,32.296906
3156237573,Attached_to_WASH_centre,36.328116,32.296912
3156237574,Free_standing,36.326628,32.296920
3156237575,Free_standing,36.329019,32.296958
3156237576,Free_standing,36.325614,32.296978
3156237577,Attached_to_WASH_centre,36.323895,32.296996
3156237578,Free_standing,36.317571,32.297039
3156237579,Free_standing,36.317072,32.297076
3156237580,Free_standing,36.314065,32.297090
3156237581,Attached_to_WASH_centre,36.322374,32.297096
3156237582,Free_standing,36.312819,32.297099
3156237583,Attached_to_WASH_centre,36.315165,32.297103
3156237584,Free_standing,36.329043,32.297139
3156237585,Free_standing,36.330622,32.297144
3156237586,Free_standing,36.328014,32.297181
3156237587,Free_standing,36.332252,32.297182
3156237588,Free_standing,36.316718,32.297296
3156237589,Free_standing,36.335407,32.297315
3156237590,Free_standing,36.326404,32.297325
3156237591,Attached_to_WASH_centre,36.322974,32.297341
3156237592,Free_standing,36.314809,32.297345
3156237593,Free_standing,36.313605,32.297359
3156237594,Free_standing,36.328394,32.297361
3156237595,Free_standing,36.325754,32.297378
3156237596,Free_standing,36.326461,32.297397
3156237597,Free_standing,36.318310,32.297423
3156237598,Free_standing,36.318826,32.297463
3156237599,Attached_to_WASH_centre,36.323706,32.297478
3156237600,Free_standing,36.334633,32.297489
3156237601,Free_standing,36.326092,32.297495
3156237602,Attached_to_WASH_centre,36.325918,32.297505
3156237603,Free_standing,36.316222,32.297525
3156237604,Free_standing,36.317107,32.297550
3156237605,Attached_to_WASH_centre,36.321979,32.297570
3156237606,Free_standing,36.326835,32.297572
3156237607,Free_standing,36.313793,32.297576
3156237608,Free_standing,36.327985,32.297581
3156237609,Free_standing,36.327948,32.297593
3156237610,Free_standing,36.316922,32.297636
3156237611,Attached_to_WASH_centre,36.329358,32.297668
3156237612,Attached_to_WASH_centre,36.316744,32.297689
3156237613,Attached_to_WASH_centre,36.321869,32.297692
3156237614,Free_standing,36.331181,32.297705
3156237615,Free_standing,36.313033,32.297721
3156237616,Free_standing,36.335350,32.297726
3156237617,Free_standing,36.323085,32.297789
3156237618,Attached_to_WASH_centre,36.314647,32.297789
3156237619,Free_standing,36.325877,32.297853
3156237620,Free_standing,36.325858,32.297908
3156237621,Attached_to_WASH_centre,36.328628,32.297923
3156237622,Attached_to_WASH_centre,36.322645,32.297928
3156237623,Free_standing,36.318128,32.297932
3156237624,Free_standing,36.330573,32.297951
3156237625,Free_standing,36.326255,32.297989
3156237626,Free_standing,36.332205,32.298006
3156237627,Attached_to_WASH_centre,36.334837,32.298043
3156237628,Free_standing,36.315363,32.298055
3156237629,Free_standing,36.325214,32.298056
3156237630,Attached_to_WASH_centre,36.331638,32.298099
3156237631,Free_standing,36.327920,32.298099
3156237632,Free_standing,36.316555,32.298116
3156237633,Attached_to_WASH_centre,36.326344,32.298147
3156237634,Free_standing,36.317449,32.298175
3156237635,Free_standing,36.313307,32.298180
3156237636,Free_standing,36.323693,32.298184
3156237637,Attached_to_WASH_centre,36.331946,32.298198
3156237638,Free_standing,36.323145,32.298199
3156237639,Free_standing,36.329352,32.298223
3156237640,Free_standing,36.315346,32.298242
3156237641,Attached_to_WASH_centre,36.331256,32.298248
3156237642,Attached_to_WASH_centre,36.322337,32.298286
3156237643,Free_standing,36.324714,32.298289
3156237644,Free_standing,36.329244,32.298292
3156237645,Free_standing,36.330977,32.298314
3156237646,Attached_to_WASH_centre,36.315170,32.298324
3156237647,Free_standing,36.326244,32.298393
3156237648,Free_standing,36.325794,32.298861
3156237649,Free_standing,36.318591,32.298410
3156237650,Free_standing,36.322675,32.298533
3156237651,Free_standing,36.328609,32.298546
3156237652,Free_standing,36.319091,32.298584
3156237653,Attached_to_WASH_centre,36.326544,32.298588
3156237654,Free_standing,36.332366,32.298609
3156237655,Free_standing,36.330049,32.298610
3156237656,Free_standing,36.324660,32.298662
3156237657,Free_standing,36.329756,32.298670
3156237658,Free_standing,36.317918,32.298706
3156237659,Attached_to_WASH_centre,36.329694,32.298707
3156237660,Free_standing,36.334097,32.298712
3156237861,Attached_to_WASH_centre,36.318948,32.298818
3156237862,Free_standing,36.315196,32.298874
3156237863,Attached_to_WASH_centre,36.323919,32.298889
3156237864,Free_standing,36.327806,32.298897
3156237865,Free_standing,36.330805,32.298902
3156237866,Attached_to_WASH_centre,36.316872,32.298920
3156237867,Free_standing,36.324398,32.298938
3156237868,Free_standing,36.324073,32.298939
3156237869,Attached_to_WASH_centre,36.328939,32.298955
3156237870,Free_standing,36.324558,32.298963
3156237871,Free_standing,36.323259,32.299005
3156237872,Free_standing,36.326953,32.299006
3156237873,Free_standing,36.330977,32.299045
3156237874,Attached_to_WASH_centre,36.331707,32.299092
3156237875,Free_standing,36.315135,32.299117
3156237876,Free_standing,36.316541,32.299129
3156237877,Free_standing,36.316007,32.299150
3156237878,Free_standing,36.327718,32.299166
3156237879,Attached_to_WASH_centre,36.322515,32.299203
3156237880,Attached_to_WASH_centre,36.324384,32.299205
3156237881,Free_standing,36.327107,32.299250
3156237882,Free_standing,36.324072,32.299299
3156237883,Free_standing,36.323357,32.299312
3156237884,Attached_to_WASH_centre,36.314515,32.299337
3156237885,Free_standing,36.331987,32.299338
3156237886,Free_standing,36.323759,32.299341
3156237887,Free_standing,36.322371,32.299348
3156237888,Free_standing,36.328418,32.299385
3156237889,Free_standing,36.316746,32.299407
3156237890,Free_standing,36.324878,32.299411
3156237891,Attached_to_WASH_centre,36.323552,32.299424
3156237892,Free_standing,36.316071,32.299428
3156237893,Attached_to_WASH_centre,36.326126,32.299462
3156237894,Free_standing,36.321892,32.299484
3156237895,Attached_to_WASH_centre,36.330170,32.299494
3156237896,Free_standing,36.314136,32.299507
3156237897,Free_standing,36.315634,32.299531
3156237898,Free_standing,36.323105,32.299544
3156237899,Attached_to_WASH_centre,36.326517,32.299546
3156237900,Free_standing,36.324258,32.299603
3156237901,Free_standing,36.331056,32.299668
3156237902,Attached_to_WASH_centre,36.325090,32.299676
3156237903,Attached_to_WASH_centre,36.326987,32.299750
3156237904,Free_standing,36.322201,32.299768
3156237905,Attached_to_WASH_centre,36.322492,32.299780
3156237906,Free_standing,36.315305,32.299782
3156237907,Free_standing,36.316105,32.299785
3156237908,Free_standing,36.330819,32.299812
3156237909,Free_standing,36.314564,32.299829
3156237910,Attached_to_WASH_centre,36.323616,32.299830
3156237911,Attached_to_WASH_centre,36.314339,32.299835
3156237912,Free_standing,36.328287,32.299870
3156237913,Free_standing,36.328698,32.299885
3156237914,Attached_to_WASH_centre,36.329350,32.299919
3156237915,Free_standing,36.314492,32.299923
3156237916,Free_standing,36.325008,32.299954
3156237917,Free_standing,36.317205,32.299982
3156237918,Attached_to_WASH_centre,36.322535,32.300029
3156237919,Free_standing,36.324728,32.300034
3156237920,Free_standing,36.319813,32.300039
3156237921,Free_standing,36.321761,32.300170
3156237922,Free_standing,36.316209,32.300225
3156237923,Free_standing,36.324143,32.300234
3156237924,Free_standing,36.317472,32.300267
3156237925,Free_standing,36.317664,32.300284
3156237926,Free_standing,36.321326,32.300302
3156237927,Attached_to_WASH_centre,36.326267,32.300316
3156237928,Attached_to_WASH_centre,36.323856,32.300318
3156237929,Attached_to_WASH_centre,36.317423,32.300321
3156237930,Free_standing,36.323637,32.300331
3156237931,Free_standing,36.321352,32.300352
3156237932,Free_standing,36.316765,32.300376
3156237933,Attached_to_WASH_centre,36.318932,32.300425
3156237934,Free_standing,36.323736,32.300471
3156237935,Free_standing,36.330922,32.300477
3156237936,Attached_to_WASH_centre,36.318683,32.300503
3156237937,Free_standing,36.330797,32.300560
3156237938,Free_standing,36.329767,32.300620
3156237939,Attached_to_WASH_centre,36.323842,32.300641
3156237940,Free_standing,36.330380,32.300666
3156237941,Free_standing,36.324821,32.300767
3156237942,Attached_to_WASH_centre,36.317243,32.300850
3156237943,Free_standing,36.323221,32.300885
3156237944,Free_standing,36.316698,32.300989
3156237945,Free_standing,36.329022,32.301035
3156237946,Free_standing,36.315773,32.301047
3156237947,Attached_to_WASH_centre,36.324981,32.301051
3156237948,Attached_to_WASH_centre,36.325357,32.301060
3156237949,Attached_to_WASH_centre,36.319457,32.301062
3156237950,Free_standing,36.317322,32.301089
3156237951,Free_standing,36.315635,32.301163
3156237952,Free_standing,36.320648,32.301452
3156237953,Free_standing,36.325689,32.301452
3156237954,Attached_to_WASH_centre,36.326378,32.301453
3156237955,Free_standing,36.322177,32.301455
3156237956,Attached_to_WASH_centre,36.322241,32.301456
3156237957,Attached_to_WASH_centre,36.315515,32.301499
3156237958,Attached_to_WASH_centre,36.322914,32.301572
3156237959,Attached_to_WASH_centre,36.315589,32.301583
3156237960,Attached_to_WASH_centre,36.324761,32.301650
3156238061,Attached_to_WASH_centre,36.321865,32.301654
3156238062,Free_standing,36.317883,32.301666
3156238063,Attached_to_WASH_centre,36.326620,32.301724
3156238064,Free_standing,36.316363,32.301837
3156238065,Free_standing,36.325675,32.301852
3156238066,Free_standing,36.319707,32.301933
3156238067,Free_standing,36.325443,32.301942
3156238068,Free_standing,36.324206,32.302071
3156238069,Free_standing,36.316742,32.302258
3156238070,Free_standing,36.320524,32.302331
3156238071,Free_standing,36.318437,32.302398
3156238072,Free_standing,36.316215,32.302539
3156238073,Free_standing,36.319014,32.302670
3156238074,Free_standing,36.323790,32.302687
3156238075,Free_standing,36.319624,32.302773
3156238076,Free_standing,36.319743,32.302801
3156238077,Free_standing,36.321404,32.302866
3156238078,Free_standing,36.318931,32.302921
3156238079,Free_standing,36.320650,32.303002
3156238080,Attached_to_WASH_centre,36.318656,32.303023
3156238081,Free_standing,36.321671,32.303052
3156238082,Free_standing,36.320403,32.303143
3156238083,Free_standing,36.319386,32.303231
3156238084,Free_standing,36.319239,32.303308
3156238085,Free_standing,36.320089,32.303339
3156238086,Free_standing,36.318350,32.303364
3156238087,Free_standing,36.318827,32.303377
3156238088,Free_standing,36.320484,32.303459
3156238089,Free_standing,36.319269,32.303558
3156238090,Free_standing,36.320160,32.303624
3156238091,Free_standing,36.318345,32.303631
3156238092,Free_standing,36.319345,32.303793